time,rain,ecmwf,gfs,equal_blend,ecmwf_weight,gfs_weight,adaptive_blend
2025-08-04,7.857253074645996,15.6,12.0,13.8,0.9282788459314539,0.07172115406854607,15.341803845353233
2025-08-05,0.1457293480634689,11.9,19.7,15.8,0.4323951677616854,0.5676048322383146,16.327317691458852
2025-08-06,12.156311988830566,1.5,8.4,4.95,0.3520819827003318,0.6479180172996681,5.9706343193677105
2025-08-07,0.0,6.6,7.5,7.05,0.6599104331303713,0.34008956686962866,6.906080610182666
2025-08-08,0.0,7.6,16.3,11.95,0.5181311150128212,0.48186888498717884,11.792259299388457
2025-08-09,0.0,15.8,16.7,16.25,0.7787496471286646,0.22125035287133543,15.999125317584202
2025-08-10,0.0,17.4,5.0,11.2,0.18944025140627985,0.8105597485937202,7.34905911743787
2025-08-11,0.4114342033863067,9.5,2.7,6.1,0.9725208873642449,0.027479112635755087,9.313142034076867
2025-08-12,17.1640625,18.5,2.7,10.6,0.31260263368644403,0.687397366313556,7.639121612245816
2025-08-13,14.140228271484377,12.3,5.2,8.75,0.8875539970727049,0.11244600292729512,11.501633379216205
2025-08-14,8.187565803527832,18.2,1.5,9.85,0.3314318009662677,0.6685681990337323,7.0349110761366695
2025-08-15,51.43088912963867,20.8,3.7,12.25,0.4285911328206783,0.5714088671793217,11.028908371233598
2025-08-16,50.09546661376953,6.6000000000000005,18.4,12.5,0.5451873331372965,0.4548126668627035,11.966789468979902
2025-08-17,21.8960075378418,10.5,8.1,9.3,0.8304275700985033,0.16957242990149668,10.093026168236408
2025-08-18,26.435461044311523,3.8,9.1,6.449999999999999,0.28410144912968793,0.7158985508703121,7.594262319612653
2025-08-19,20.8031005859375,3.5,4.3,3.9,0.5228685674467467,0.4771314325532533,3.881705146042602
2025-08-20,0.0,2.2,0.2,1.2000000000000002,0.9037815590693961,0.09621844093060394,2.0075631181387923
2025-08-21,0.0,0.9,0.0,0.45,0.3620586294614684,0.6379413705385316,0.3258527665153216
2025-08-22,0.0,1.5,0.2,0.85,0.3290769716034117,0.6709230283965884,0.6278000630844353
2025-08-23,0.0,0.9,0.0,0.45,0.3620586294614684,0.6379413705385316,0.3258527665153216
2025-08-24,0.0,0.3,0.0,0.15,0.15665288072520175,0.8433471192747982,0.04699586421756052
2025-08-25,0.0,0.0,0.3,0.15,0.22816879183491998,0.77183120816508,0.23154936244952398
2025-08-26,0.0,4.8,0.9,2.85,0.8927144361852178,0.10728556381478216,4.381586301122349
2025-08-27,4.00560998916626,28.9,60.0,44.45,0.44083812502567726,0.5591618749743228,46.289934311701444
2025-08-28,41.19007110595703,26.4,13.7,20.05,0.3263491909188618,0.6736508090811382,17.844634724669543
2025-08-29,13.919933319091797,12.1,5.5,8.8,0.8786840715874802,0.12131592841251981,11.29931487247737
2025-08-30,19.23703956604004,23.0,5.6,14.3,0.3054287505405139,0.6945712494594861,10.91446025940494
2025-08-31,24.78106117248535,4.7,4.5,4.6,0.4791119581659004,0.5208880418340995,4.59582239163318
