time,rain,ecmwf,gfs,equal_blend
2025-06-01,1.5944,7.3000,12.8000,10.0500
2025-06-02,0.0000,3.9000,6.0000,4.9500
2025-06-03,5.3285,18.6000,9.1000,13.8500
2025-06-04,15.6180,20.7000,5.2000,12.9500
2025-06-05,0.0000,16.0000,0.0000,8.0000
2025-06-06,0.0000,1.5000,0.1000,0.8000
2025-06-07,0.0000,1.8000,2.2000,2.0000
2025-06-08,0.1001,1.5000,1.1000,1.3000
2025-06-09,3.0470,2.7000,2.3000,2.5000
2025-06-10,0.0000,1.8000,12.9000,7.3500
2025-06-11,15.3048,25.9000,19.0000,22.4500
2025-06-12,12.7252,47.6000,41.0000,44.3000
2025-06-13,6.3344,16.2000,27.3000,21.7500
2025-06-14,25.4167,59.9000,35.9000,47.9000
2025-06-15,58.6349,93.8000,30.9000,62.3500
2025-06-16,69.4998,71.3000,39.1000,55.2000
2025-06-17,53.9387,64.5000,29.8000,47.1500
2025-06-18,36.0230,14.0000,21.2000,17.6000
2025-06-19,28.6266,9.3000,11.1000,10.2000
2025-06-20,2.6734,3.9000,7.4000,5.6500
2025-06-21,13.2355,4.6000,4.5000,4.5500
2025-06-22,1.5461,3.9000,1.6000,2.7500
2025-06-23,20.7969,18.1000,11.1000,14.6000
2025-06-24,11.8379,7.4000,6.6000,7.0000
2025-06-25,33.0160,12.0000,15.8000,13.9000
2025-06-26,95.5776,13.2000,21.0000,17.1000
2025-06-27,40.5253,32.3000,9.7000,21.0000
2025-06-28,8.6704,6.1000,9.7000,7.9000
2025-06-29,20.2066,31.8000,2.8000,17.3000
2025-06-30,7.4656,2.4000,1.0000,1.7000
2025-07-01,7.0637,5.3000,0.3000,2.8000
2025-07-02,15.9460,7.5000,0.5000,4.0000
2025-07-03,35.9108,15.8000,2.1000,8.9500
2025-07-04,8.8853,3.2000,7.3000,5.2500
2025-07-05,10.9051,9.3000,1.4000,5.3500
2025-07-06,20.7169,10.2000,2.1000,6.1500
2025-07-07,30.1735,10.9000,4.9000,7.9000
2025-07-08,15.6563,3.7000,4.5000,4.1000
2025-07-09,11.8072,2.8000,4.1000,3.4500
2025-07-10,24.6750,3.6000,2.7000,3.1500
2025-07-11,13.3985,9.0000,0.0000,4.5000
2025-07-12,5.0848,13.3000,5.8000,9.5500
2025-07-13,0.0000,4.1000,4.3000,4.2000
2025-07-14,4.6212,18.3000,18.4000,18.3500
2025-07-15,25.1345,29.8000,12.3000,21.0500
2025-07-16,3.7046,12.1000,5.7000,8.9000
2025-07-17,52.2427,31.3000,24.5000,27.9000
2025-07-18,4.6486,6.8000,18.7000,12.7500
2025-07-19,6.9188,33.4000,22.1000,27.7500
2025-07-20,7.5764,46.1000,34.6000,40.3500
2025-07-21,9.7158,17.0000,10.2000,13.6000
2025-07-22,12.9223,28.5000,10.6000,19.5500
2025-07-23,10.2586,11.8000,6.3000,9.0500
2025-07-24,3.2914,17.7000,13.2000,15.4500
2025-07-25,69.3381,17.0000,5.4000,11.2000
2025-07-26,53.6311,19.3000,14.3000,16.8000
2025-07-27,46.3981,35.6000,57.4000,46.5000
2025-07-28,15.7166,7.9000,4.4000,6.1500
2025-07-29,0.0000,1.3000,0.8000,1.0500
2025-07-30,4.9180,3.6000,1.2000,2.4000
2025-07-31,13.7339,3.0000,0.8000,1.9000
2025-08-01,2.9284,0.6000,4.1000,2.3500
2025-08-02,8.5198,2.1000,0.1000,1.1000
2025-08-03,1.2635,7.5000,5.6000,6.5500
2025-08-04,7.8573,14.6000,13.7000,14.1500
2025-08-05,0.1457,20.6000,12.1000,16.3500
2025-08-06,12.1563,7.2000,19.9000,13.5500
2025-08-07,0.0000,0.8000,7.9000,4.3500
2025-08-08,0.0000,6.6000,7.6000,7.1000
2025-08-09,0.0000,7.8000,16.3000,12.0500
2025-08-10,0.0000,15.6000,16.6000,16.1000
2025-08-11,0.4114,19.0000,5.0000,12.0000
2025-08-12,17.1641,8.2000,2.7000,5.4500
2025-08-13,14.1402,20.6000,2.7000,11.6500
2025-08-14,8.1876,11.5000,5.3000,8.4000
2025-08-15,51.4309,21.5000,1.4000,11.4500
2025-08-16,50.0955,17.0000,4.1000,10.5500
2025-08-17,21.8960,6.5000,18.3000,12.4000
2025-08-18,26.4355,10.2000,7.9000,9.0500
2025-08-19,20.8031,3.1000,9.1000,6.1000
2025-08-20,0.0000,3.6000,4.2000,3.9000
2025-08-21,0.0000,2.1000,0.2000,1.1500
2025-08-22,0.0000,0.9000,0.0000,0.4500
2025-08-23,0.0000,1.5000,0.2000,0.8500
2025-08-24,0.0000,0.9000,0.0000,0.4500
2025-08-25,0.0000,0.3000,0.0000,0.1500
2025-08-26,0.0000,0.0000,0.7000,0.3500
2025-08-27,4.0056,5.5000,0.5000,3.0000
2025-08-28,41.1901,34.4000,62.2000,48.3000
2025-08-29,13.9199,24.0000,11.5000,17.7500
2025-08-30,19.2370,17.0000,5.5000,11.2500
2025-08-31,24.7811,14.5000,5.6000,10.0500
