imd_date,window_start,window_end,n_hours,ecmwf_total,gfs_total,rain
2025-06-01,2025-05-31 03:00:00,2025-06-01 03:00:00,24,7.3000,12.8000,1.5944
2025-06-02,2025-06-01 03:00:00,2025-06-02 03:00:00,24,3.9000,6.0000,0.0000
2025-06-03,2025-06-02 03:00:00,2025-06-03 03:00:00,24,18.6000,9.1000,5.3285
2025-06-04,2025-06-03 03:00:00,2025-06-04 03:00:00,24,20.7000,5.2000,15.6180
2025-06-05,2025-06-04 03:00:00,2025-06-05 03:00:00,24,16.0000,0.0000,0.0000
2025-06-06,2025-06-05 03:00:00,2025-06-06 03:00:00,24,1.5000,0.1000,0.0000
2025-06-07,2025-06-06 03:00:00,2025-06-07 03:00:00,24,1.8000,2.2000,0.0000
2025-06-08,2025-06-07 03:00:00,2025-06-08 03:00:00,24,1.5000,1.1000,0.1001
2025-06-09,2025-06-08 03:00:00,2025-06-09 03:00:00,24,2.7000,2.3000,3.0470
2025-06-10,2025-06-09 03:00:00,2025-06-10 03:00:00,24,1.8000,12.9000,0.0000
2025-06-11,2025-06-10 03:00:00,2025-06-11 03:00:00,24,25.9000,19.0000,15.3048
2025-06-12,2025-06-11 03:00:00,2025-06-12 03:00:00,24,47.6000,41.0000,12.7252
2025-06-13,2025-06-12 03:00:00,2025-06-13 03:00:00,24,16.2000,27.3000,6.3344
2025-06-14,2025-06-13 03:00:00,2025-06-14 03:00:00,24,59.9000,35.9000,25.4167
2025-06-15,2025-06-14 03:00:00,2025-06-15 03:00:00,24,93.8000,30.9000,58.6349
2025-06-16,2025-06-15 03:00:00,2025-06-16 03:00:00,24,71.3000,39.1000,69.4998
2025-06-17,2025-06-16 03:00:00,2025-06-17 03:00:00,24,64.5000,29.8000,53.9387
2025-06-18,2025-06-17 03:00:00,2025-06-18 03:00:00,24,14.0000,21.2000,36.0230
2025-06-19,2025-06-18 03:00:00,2025-06-19 03:00:00,24,9.3000,11.1000,28.6266
2025-06-20,2025-06-19 03:00:00,2025-06-20 03:00:00,24,3.9000,7.4000,2.6734
2025-06-21,2025-06-20 03:00:00,2025-06-21 03:00:00,24,4.6000,4.5000,13.2355
2025-06-22,2025-06-21 03:00:00,2025-06-22 03:00:00,24,3.9000,1.6000,1.5461
2025-06-23,2025-06-22 03:00:00,2025-06-23 03:00:00,24,18.1000,11.1000,20.7969
2025-06-24,2025-06-23 03:00:00,2025-06-24 03:00:00,24,7.4000,6.6000,11.8379
2025-06-25,2025-06-24 03:00:00,2025-06-25 03:00:00,24,12.0000,15.8000,33.0160
2025-06-26,2025-06-25 03:00:00,2025-06-26 03:00:00,24,13.2000,21.0000,95.5776
2025-06-27,2025-06-26 03:00:00,2025-06-27 03:00:00,24,32.3000,9.7000,40.5253
2025-06-28,2025-06-27 03:00:00,2025-06-28 03:00:00,24,6.1000,9.7000,8.6704
2025-06-29,2025-06-28 03:00:00,2025-06-29 03:00:00,24,31.8000,2.8000,20.2066
2025-06-30,2025-06-29 03:00:00,2025-06-30 03:00:00,24,2.4000,1.0000,7.4656
2025-07-01,2025-06-30 03:00:00,2025-07-01 03:00:00,24,5.3000,0.3000,7.0637
2025-07-02,2025-07-01 03:00:00,2025-07-02 03:00:00,24,7.5000,0.5000,15.9460
2025-07-03,2025-07-02 03:00:00,2025-07-03 03:00:00,24,15.8000,2.1000,35.9108
2025-07-04,2025-07-03 03:00:00,2025-07-04 03:00:00,24,3.2000,7.3000,8.8853
2025-07-05,2025-07-04 03:00:00,2025-07-05 03:00:00,24,9.3000,1.4000,10.9051
2025-07-06,2025-07-05 03:00:00,2025-07-06 03:00:00,24,10.2000,2.1000,20.7169
2025-07-07,2025-07-06 03:00:00,2025-07-07 03:00:00,24,10.9000,4.9000,30.1735
2025-07-08,2025-07-07 03:00:00,2025-07-08 03:00:00,24,3.7000,4.5000,15.6563
2025-07-09,2025-07-08 03:00:00,2025-07-09 03:00:00,24,2.8000,4.1000,11.8072
2025-07-10,2025-07-09 03:00:00,2025-07-10 03:00:00,24,3.6000,2.7000,24.6750
2025-07-11,2025-07-10 03:00:00,2025-07-11 03:00:00,24,9.0000,0.0000,13.3985
2025-07-12,2025-07-11 03:00:00,2025-07-12 03:00:00,24,13.3000,5.8000,5.0848
2025-07-13,2025-07-12 03:00:00,2025-07-13 03:00:00,24,4.1000,4.3000,0.0000
2025-07-14,2025-07-13 03:00:00,2025-07-14 03:00:00,24,18.3000,18.4000,4.6212
2025-07-15,2025-07-14 03:00:00,2025-07-15 03:00:00,24,29.8000,12.3000,25.1345
2025-07-16,2025-07-15 03:00:00,2025-07-16 03:00:00,24,12.1000,5.7000,3.7046
2025-07-17,2025-07-16 03:00:00,2025-07-17 03:00:00,24,31.3000,24.5000,52.2427
2025-07-18,2025-07-17 03:00:00,2025-07-18 03:00:00,24,6.8000,18.7000,4.6486
2025-07-19,2025-07-18 03:00:00,2025-07-19 03:00:00,24,33.4000,22.1000,6.9188
2025-07-20,2025-07-19 03:00:00,2025-07-20 03:00:00,24,46.1000,34.6000,7.5764
2025-07-21,2025-07-20 03:00:00,2025-07-21 03:00:00,24,17.0000,10.2000,9.7158
2025-07-22,2025-07-21 03:00:00,2025-07-22 03:00:00,24,28.5000,10.6000,12.9223
2025-07-23,2025-07-22 03:00:00,2025-07-23 03:00:00,24,11.8000,6.3000,10.2586
2025-07-24,2025-07-23 03:00:00,2025-07-24 03:00:00,24,17.7000,13.2000,3.2914
2025-07-25,2025-07-24 03:00:00,2025-07-25 03:00:00,24,17.0000,5.4000,69.3381
2025-07-26,2025-07-25 03:00:00,2025-07-26 03:00:00,24,19.3000,14.3000,53.6311
2025-07-27,2025-07-26 03:00:00,2025-07-27 03:00:00,24,35.6000,57.4000,46.3981
2025-07-28,2025-07-27 03:00:00,2025-07-28 03:00:00,24,7.9000,4.4000,15.7166
2025-07-29,2025-07-28 03:00:00,2025-07-29 03:00:00,24,1.3000,0.8000,0.0000
2025-07-30,2025-07-29 03:00:00,2025-07-30 03:00:00,24,3.6000,1.2000,4.9180
2025-07-31,2025-07-30 03:00:00,2025-07-31 03:00:00,24,3.0000,0.8000,13.7339
2025-08-01,2025-07-31 03:00:00,2025-08-01 03:00:00,24,0.6000,4.1000,2.9284
2025-08-02,2025-08-01 03:00:00,2025-08-02 03:00:00,24,2.1000,0.1000,8.5198
2025-08-03,2025-08-02 03:00:00,2025-08-03 03:00:00,24,7.5000,5.6000,1.2635
2025-08-04,2025-08-03 03:00:00,2025-08-04 03:00:00,24,14.6000,13.7000,7.8573
2025-08-05,2025-08-04 03:00:00,2025-08-05 03:00:00,24,20.6000,12.1000,0.1457
2025-08-06,2025-08-05 03:00:00,2025-08-06 03:00:00,24,7.2000,19.9000,12.1563
2025-08-07,2025-08-06 03:00:00,2025-08-07 03:00:00,24,0.8000,7.9000,0.0000
2025-08-08,2025-08-07 03:00:00,2025-08-08 03:00:00,24,6.6000,7.6000,0.0000
2025-08-09,2025-08-08 03:00:00,2025-08-09 03:00:00,24,7.8000,16.3000,0.0000
2025-08-10,2025-08-09 03:00:00,2025-08-10 03:00:00,24,15.6000,16.6000,0.0000
2025-08-11,2025-08-10 03:00:00,2025-08-11 03:00:00,24,19.0000,5.0000,0.4114
2025-08-12,2025-08-11 03:00:00,2025-08-12 03:00:00,24,8.2000,2.7000,17.1641
2025-08-13,2025-08-12 03:00:00,2025-08-13 03:00:00,24,20.6000,2.7000,14.1402
2025-08-14,2025-08-13 03:00:00,2025-08-14 03:00:00,24,11.5000,5.3000,8.1876
2025-08-15,2025-08-14 03:00:00,2025-08-15 03:00:00,24,21.5000,1.4000,51.4309
2025-08-16,2025-08-15 03:00:00,2025-08-16 03:00:00,24,17.0000,4.1000,50.0955
2025-08-17,2025-08-16 03:00:00,2025-08-17 03:00:00,24,6.5000,18.3000,21.8960
2025-08-18,2025-08-17 03:00:00,2025-08-18 03:00:00,24,10.2000,7.9000,26.4355
2025-08-19,2025-08-18 03:00:00,2025-08-19 03:00:00,24,3.1000,9.1000,20.8031
2025-08-20,2025-08-19 03:00:00,2025-08-20 03:00:00,24,3.6000,4.2000,0.0000
2025-08-21,2025-08-20 03:00:00,2025-08-21 03:00:00,24,2.1000,0.2000,0.0000
2025-08-22,2025-08-21 03:00:00,2025-08-22 03:00:00,24,0.9000,0.0000,0.0000
2025-08-23,2025-08-22 03:00:00,2025-08-23 03:00:00,24,1.5000,0.2000,0.0000
2025-08-24,2025-08-23 03:00:00,2025-08-24 03:00:00,24,0.9000,0.0000,0.0000
2025-08-25,2025-08-24 03:00:00,2025-08-25 03:00:00,24,0.3000,0.0000,0.0000
2025-08-26,2025-08-25 03:00:00,2025-08-26 03:00:00,24,0.0000,0.7000,0.0000
2025-08-27,2025-08-26 03:00:00,2025-08-27 03:00:00,24,5.5000,0.5000,4.0056
2025-08-28,2025-08-27 03:00:00,2025-08-28 03:00:00,24,34.4000,62.2000,41.1901
2025-08-29,2025-08-28 03:00:00,2025-08-29 03:00:00,24,24.0000,11.5000,13.9199
2025-08-30,2025-08-29 03:00:00,2025-08-30 03:00:00,24,17.0000,5.5000,19.2370
2025-08-31,2025-08-30 03:00:00,2025-08-31 03:00:00,24,14.5000,5.6000,24.7811
