time,rain,gfs
2025-06-01,1.5943849086761477,6.5
2025-06-02,0.0,9.2
2025-06-03,5.3285231590271,5.5
2025-06-04,15.617979049682615,0.0
2025-06-05,0.0,0.0
2025-06-06,0.0,1.7
2025-06-07,0.0,1.1
2025-06-08,0.1000684425234794,2.8000000000000003
2025-06-09,3.047046184539795,13.0
2025-06-10,0.0,12.0
2025-06-11,15.304827690124512,42.7
2025-06-12,12.72524070739746,32.0
2025-06-13,6.3343682289123535,27.1
2025-06-14,25.416728973388672,33.7
2025-06-15,58.63487243652344,44.4
2025-06-16,69.49983978271484,27.8
2025-06-17,53.9387321472168,22.9
2025-06-18,36.02295684814453,12.7
2025-06-19,28.62664794921875,7.3
2025-06-20,2.6733946800231934,4.6
2025-06-21,13.235466957092283,1.5
2025-06-22,1.5460610389709473,10.8
2025-06-23,20.796905517578125,4.2
2025-06-24,11.83791446685791,14.4
2025-06-25,33.01597595214844,24.1
2025-06-26,95.57757568359376,10.3
2025-06-27,40.525272369384766,9.9
2025-06-28,8.670370101928711,3.1
2025-06-29,20.206619262695312,1.0
2025-06-30,7.4656081199646,0.30000000000000004
2025-07-01,7.06374454498291,0.5
2025-07-02,15.946046829223633,2.1
2025-07-03,35.91081237792969,7.3
2025-07-04,8.885333061218262,1.1
2025-07-05,10.905061721801758,2.4000000000000004
2025-07-06,20.716873168945312,3.8000000000000003
2025-07-07,30.17354965209961,5.3
2025-07-08,15.656289100646973,4.4
2025-07-09,11.80717658996582,2.6999999999999997
2025-07-10,24.67500305175781,0.0
2025-07-11,13.39849853515625,5.5
2025-07-12,5.08480978012085,4.6
2025-07-13,0.0,18.2
2025-07-14,4.621160984039307,10.6
2025-07-15,25.13453483581543,7.6000000000000005
2025-07-16,3.704571008682251,21.2
2025-07-17,52.242671966552734,21.5
2025-07-18,4.6486406326293945,15.1
2025-07-19,6.9188232421875,42.0
2025-07-20,7.57639741897583,9.5
2025-07-21,9.715806007385254,9.5
2025-07-22,12.922320365905762,8.1
2025-07-23,10.25855827331543,13.0
2025-07-24,3.291388511657715,5.6
2025-07-25,69.3381118774414,11.3
2025-07-26,53.63106918334961,59.6
2025-07-27,46.39810562133789,5.3
2025-07-28,15.716615676879885,0.7999999999999999
2025-07-29,0.0,1.2
2025-07-30,4.918017864227295,0.8
2025-07-31,13.73393726348877,4.1
2025-08-01,2.9284298419952397,0.1
2025-08-02,8.519816398620605,3.8
2025-08-03,1.263466238975525,15.3
2025-08-04,7.857253074645996,12.0
2025-08-05,0.1457293480634689,19.7
2025-08-06,12.156311988830566,8.4
2025-08-07,0.0,7.5
2025-08-08,0.0,16.3
2025-08-09,0.0,16.7
2025-08-10,0.0,5.0
2025-08-11,0.4114342033863067,2.7
2025-08-12,17.1640625,2.7
2025-08-13,14.140228271484377,5.2
2025-08-14,8.187565803527832,1.5
2025-08-15,51.43088912963867,3.7
2025-08-16,50.09546661376953,18.4
2025-08-17,21.8960075378418,8.1
2025-08-18,26.435461044311523,9.1
2025-08-19,20.8031005859375,4.3
2025-08-20,0.0,0.2
2025-08-21,0.0,0.0
2025-08-22,0.0,0.2
2025-08-23,0.0,0.0
2025-08-24,0.0,0.0
2025-08-25,0.0,0.30000000000000004
2025-08-26,0.0,0.9
2025-08-27,4.00560998916626,60.0
2025-08-28,41.19007110595703,13.7
2025-08-29,13.919933319091797,5.5
2025-08-30,19.23703956604004,5.6
2025-08-31,24.78106117248535,4.5
