time,rain,ecmwf,gfs,equal_blend,adaptive_blend,regime_label,ecmwf_weight,gfs_weight,mean_fc
2025-08-04,7.8573,14.6000,13.7000,14.1500,14.6000,Light    ( 5-15 mm),1.0000,0.0000,14.1500
2025-08-05,0.1457,20.6000,12.1000,16.3500,17.2000,Moderate (15-35 mm),0.6000,0.4000,16.3500
2025-08-06,12.1563,7.2000,19.9000,13.5500,7.2000,Light    ( 5-15 mm),1.0000,0.0000,13.5500
2025-08-07,0.0000,0.8000,7.9000,4.3500,0.8000,Dry      (<  5 mm),1.0000,0.0000,4.3500
2025-08-08,0.0000,6.6000,7.6000,7.1000,6.6000,Light    ( 5-15 mm),1.0000,0.0000,7.1000
2025-08-09,0.0000,7.8000,16.3000,12.0500,7.8000,Light    ( 5-15 mm),1.0000,0.0000,12.0500
2025-08-10,0.0000,15.6000,16.6000,16.1000,16.0000,Moderate (15-35 mm),0.6000,0.4000,16.1000
2025-08-11,0.4114,19.0000,5.0000,12.0000,19.0000,Light    ( 5-15 mm),1.0000,0.0000,12.0000
2025-08-12,17.1641,8.2000,2.7000,5.4500,8.2000,Light    ( 5-15 mm),1.0000,0.0000,5.4500
2025-08-13,14.1402,20.6000,2.7000,11.6500,20.6000,Light    ( 5-15 mm),1.0000,0.0000,11.6500
2025-08-14,8.1876,11.5000,5.3000,8.4000,11.5000,Light    ( 5-15 mm),1.0000,0.0000,8.4000
2025-08-15,51.4309,21.5000,1.4000,11.4500,21.5000,Light    ( 5-15 mm),1.0000,0.0000,11.4500
2025-08-16,50.0955,17.0000,4.1000,10.5500,17.0000,Light    ( 5-15 mm),1.0000,0.0000,10.5500
2025-08-17,21.8960,6.5000,18.3000,12.4000,6.5000,Light    ( 5-15 mm),1.0000,0.0000,12.4000
2025-08-18,26.4355,10.2000,7.9000,9.0500,10.2000,Light    ( 5-15 mm),1.0000,0.0000,9.0500
2025-08-19,20.8031,3.1000,9.1000,6.1000,3.1000,Light    ( 5-15 mm),1.0000,0.0000,6.1000
2025-08-20,0.0000,3.6000,4.2000,3.9000,3.6000,Dry      (<  5 mm),1.0000,0.0000,3.9000
2025-08-21,0.0000,2.1000,0.2000,1.1500,2.1000,Dry      (<  5 mm),1.0000,0.0000,1.1500
2025-08-22,0.0000,0.9000,0.0000,0.4500,0.9000,Dry      (<  5 mm),1.0000,0.0000,0.4500
2025-08-23,0.0000,1.5000,0.2000,0.8500,1.5000,Dry      (<  5 mm),1.0000,0.0000,0.8500
2025-08-24,0.0000,0.9000,0.0000,0.4500,0.9000,Dry      (<  5 mm),1.0000,0.0000,0.4500
2025-08-25,0.0000,0.3000,0.0000,0.1500,0.3000,Dry      (<  5 mm),1.0000,0.0000,0.1500
2025-08-26,0.0000,0.0000,0.7000,0.3500,0.0000,Dry      (<  5 mm),1.0000,0.0000,0.3500
2025-08-27,4.0056,5.5000,0.5000,3.0000,5.5000,Dry      (<  5 mm),1.0000,0.0000,3.0000
2025-08-28,41.1901,34.4000,62.2000,48.3000,49.6900,Heavy    (>= 35 mm),0.4500,0.5500,48.3000
2025-08-29,13.9199,24.0000,11.5000,17.7500,19.0000,Moderate (15-35 mm),0.6000,0.4000,17.7500
2025-08-30,19.2370,17.0000,5.5000,11.2500,17.0000,Light    ( 5-15 mm),1.0000,0.0000,11.2500
2025-08-31,24.7811,14.5000,5.6000,10.0500,14.5000,Light    ( 5-15 mm),1.0000,0.0000,10.0500
