imd_date,ecmwf_temperature_2m_mean,ecmwf_relative_humidity_2m_mean,ecmwf_dew_point_2m_mean,ecmwf_wind_speed_10m_mean,ecmwf_wind_dir_sin,ecmwf_wind_dir_cos,ecmwf_surface_pressure_mean,ecmwf_cloud_cover_mean,gfs_temperature_2m_mean,gfs_relative_humidity_2m_mean,gfs_dew_point_2m_mean,gfs_wind_speed_10m_mean,gfs_wind_dir_sin,gfs_wind_dir_cos,gfs_surface_pressure_mean,gfs_cloud_cover_mean,gfs_cape_mean,gfs_cape_max,gfs_wind_speed_80m_mean,gfs_lifted_index_mean
2025-06-01,25.987499999999997,89.16666666666667,23.995833333333334,10.120833333333332,-0.9675919870455115,0.1681477006365821,1005.8250000000002,87.16666666666667,24.670833333333338,93.625,23.537499999999998,3.875,-0.8877347848978676,-0.32382620714219207,1005.9291666666664,97.20833333333333,433.75,1040.0,7.433333333333333,-2.1583333333333337
2025-06-02,26.295833333333338,87.08333333333333,23.816666666666666,9.533333333333333,-0.8575341312638202,-0.011092977750170532,1006.0333333333332,54.0,26.333333333333332,87.0,23.774999999999995,5.304166666666666,-0.9046073519982635,-0.22601596677937988,1006.0791666666668,83.875,811.6666666666666,1630.0,10.15,-2.804166666666667
2025-06-03,24.875,92.70833333333333,23.575,7.104166666666667,-0.6899890434385262,-0.15644234205564203,1006.2000000000002,84.16666666666667,25.929166666666664,85.5,23.10833333333333,5.070833333333334,-0.9401391178034503,-0.2200258805948653,1006.1083333333332,89.79166666666667,383.75,1170.0,9.229166666666666,-0.7125
2025-06-04,25.441666666666666,90.79166666666667,23.729166666666668,6.349999999999999,-0.831478924188386,-0.3381035697293044,1005.8958333333334,93.20833333333333,26.4875,80.875,22.712500000000002,5.270833333333333,-0.8646073826707174,-0.29358575371270285,1006.1208333333334,74.70833333333333,323.75,940.0,10.420833333333333,-0.9416666666666668
2025-06-05,25.354166666666668,91.41666666666667,23.808333333333337,6.775000000000001,-0.7514105617159547,-0.4584181536252257,1006.1791666666668,62.458333333333336,26.90416666666667,78.79166666666667,22.558333333333337,5.183333333333334,-0.8929803542683481,-0.30864555482273076,1006.1708333333332,96.25,381.6666666666667,700.0,9.429166666666667,-1.9000000000000001
2025-06-06,26.899999999999995,87.04166666666667,24.45416666666667,7.429166666666667,-0.9745579180774127,-0.022500267807026898,1005.6833333333334,21.625,27.233333333333334,80.79166666666667,23.299999999999997,5.304166666666666,-0.8825787620278817,0.05588335685483318,1005.6625,61.791666666666664,945.0,1460.0,10.512500000000001,-2.920833333333334
2025-06-07,27.337500000000002,84.75,24.379166666666666,9.291666666666666,-0.9340175634764348,0.1287513321522992,1006.0583333333333,18.166666666666668,27.804166666666664,78.45833333333333,23.287499999999998,6.133333333333333,-0.9120998297995229,0.08128995750354946,1006.1375000000002,65.70833333333333,1134.1666666666667,1430.0,13.5625,-3.283333333333333
2025-06-08,26.97083333333333,84.54166666666667,24.016666666666666,9.450000000000001,-0.9931094781502726,0.019575126835944732,1006.35,35.791666666666664,27.32083333333333,79.95833333333333,23.23333333333333,6.125,-0.9159063318047734,-0.12740786057186795,1006.4125,98.41666666666667,1026.25,1390.0,12.279166666666667,-3.2291666666666665
2025-06-09,26.274999999999995,86.79166666666667,23.75,9.145833333333334,-0.9334847072670077,-0.043964507724601525,1005.5833333333334,59.083333333333336,26.991666666666664,81.58333333333333,23.304166666666664,5.458333333333333,-0.83415534044251,-0.28865487028229236,1005.5875,88.125,925.0,1320.0,10.870833333333335,-3.595833333333333
2025-06-10,26.845833333333335,85.25,24.070833333333336,10.4375,-0.9462323365921069,0.20270464478260877,1003.5916666666666,61.916666666666664,25.429166666666664,91.875,23.966666666666665,4.2625,-0.7881834856549753,-0.460838067356326,1004.0,95.08333333333333,947.0833333333334,1600.0,9.266666666666667,-3.6458333333333335
2025-06-11,25.458333333333332,90.875,23.76666666666667,10.450000000000001,-0.972106331501786,-0.01403285876157565,1001.9458333333333,68.45833333333333,26.666666666666668,84.83333333333333,23.6375,6.533333333333334,-0.8524428785511118,-0.3276465785546468,1002.3625000000002,87.5,886.25,1730.0,14.329166666666666,-3.6500000000000004
2025-06-12,24.862499999999997,93.20833333333333,23.629166666666666,9.716666666666667,-0.9716382870611905,0.004863799153700106,1001.5833333333334,90.625,24.791666666666668,93.45833333333333,23.67083333333333,6.083333333333333,-0.8934618982317378,-0.28791544169907113,1002.2291666666666,97.5,440.8333333333333,1200.0,15.049999999999999,-2.579166666666667
2025-06-13,25.070833333333336,93.5,23.895833333333332,9.545833333333333,-0.806623570231543,-0.32719320324269924,1001.3083333333334,91.20833333333333,24.304166666666664,95.25,23.479166666666668,6.0,-0.8801473077555726,-0.3041320504855484,1002.1291666666666,99.5,282.9166666666667,850.0,13.4,-1.2916666666666667
2025-06-14,24.958333333333332,95.33333333333333,24.14166666666667,11.5,-0.91992850491446,-0.3559031900489214,1002.3458333333333,94.16666666666667,25.662499999999998,91.16666666666667,24.066666666666663,8.541666666666666,-0.8905083145604759,-0.40400172400771606,1002.9208333333332,97.125,569.5833333333334,1610.0,17.77916666666667,-2.3791666666666664
2025-06-15,23.82916666666667,96.875,23.270833333333332,10.704166666666667,-0.8574645361375578,-0.38067868032278357,1003.5416666666666,99.75,23.633333333333336,95.54166666666667,22.875,5.858333333333334,-0.8021610277017643,-0.3235596820650473,1004.7416666666667,100.0,146.66666666666666,320.0,14.404166666666667,-0.5375
2025-06-16,24.166666666666668,97.16666666666667,23.679166666666664,15.420833333333334,-0.8894554993250375,-0.43758554654297904,1003.5958333333333,100.0,23.891666666666666,90.70833333333333,22.266666666666666,8.0,-0.9207047757344636,-0.344741824132148,1004.8958333333334,100.0,150.41666666666666,500.0,20.9625,-0.09166666666666667
2025-06-17,23.520833333333332,96.83333333333333,22.962500000000002,8.775,-0.7008003700484341,0.07504447932622584,1004.8791666666666,100.0,23.399999999999995,94.5,22.45416666666667,4.620833333333333,-0.5723429117255338,0.5299033652485866,1005.125,98.625,142.5,420.0,12.354166666666666,-0.041666666666666685
2025-06-18,24.3625,93.16666666666667,23.162499999999998,7.958333333333333,-0.8708031025135227,-0.03799234594313191,1005.6999999999999,95.5,25.045833333333334,90.875,23.420833333333334,5.504166666666666,-0.9735216154807405,-0.07079170233158683,1005.5749999999999,93.125,587.0833333333334,1540.0,13.0875,-1.7625
2025-06-19,25.212499999999995,91.54166666666667,23.670833333333334,7.608333333333333,-0.8710881420922849,-0.15437441741330996,1005.7375000000001,89.875,25.479166666666668,88.0,23.23333333333333,5.041666666666667,-0.8996022446898992,-0.13418217420890718,1005.5791666666665,100.0,419.1666666666667,1060.0,10.079166666666667,-2.225
2025-06-20,25.475000000000005,89.45833333333333,23.524999999999995,7.6625000000000005,-0.9198454832262066,-0.20820490465873598,1005.9791666666666,94.54166666666667,25.48333333333333,89.41666666666667,23.545833333333334,3.9500000000000006,-0.8938320195293764,-0.18187937822259959,1005.9125,100.0,568.75,1270.0,8.333333333333334,-3.1958333333333333
2025-06-21,25.258333333333336,91.54166666666667,23.6875,8.858333333333333,-0.8916485102154085,-0.11358177359479837,1006.3333333333334,79.04166666666667,26.108333333333334,83.58333333333333,22.8875,5.0249999999999995,-0.9316793081472721,-0.1992648122193471,1006.1333333333332,95.20833333333333,495.4166666666667,1010.0,10.558333333333334,-2.475
2025-06-22,25.487499999999997,89.625,23.55,9.362499999999999,-0.9035460885401836,-0.004382615135321714,1006.1708333333335,95.875,26.087499999999995,82.08333333333333,22.45416666666667,5.6875,-0.9531278215080125,-0.10188114194543928,1006.3416666666667,99.41666666666667,433.3333333333333,860.0,11.575000000000001,-2.029166666666667
2025-06-23,24.025000000000002,94.29166666666667,23.037499999999998,8.566666666666666,-0.9044211691238949,0.11090490683520633,1006.2333333333332,98.41666666666667,25.679166666666664,83.33333333333333,22.458333333333332,5.616666666666666,-0.9009357294672165,-0.26703417482674885,1006.375,93.91666666666667,417.0833333333333,860.0,11.445833333333335,-2.475
2025-06-24,24.349999999999998,92.08333333333333,22.95,8.091666666666667,-0.88309067672125,0.22959538227315343,1005.0583333333334,93.79166666666667,25.5125,84.58333333333333,22.458333333333332,4.841666666666666,-0.9294817960079272,0.023869020997988405,1005.5791666666668,97.75,409.5833333333333,820.0,9.9625,-2.595833333333333
2025-06-25,24.354166666666668,92.20833333333333,22.954166666666666,7.0625,-0.8482653055133453,0.15812392430075126,1004.5749999999999,100.0,25.412499999999998,86.29166666666667,22.837500000000002,6.166666666666667,-0.9549914123098261,0.09435435284743066,1004.5375,99.58333333333333,540.4166666666666,1470.0,15.704166666666667,-1.3041666666666667
2025-06-26,24.620833333333337,92.75,23.304166666666664,7.4375,-0.954540745696517,-0.07232988039321016,1004.5583333333334,95.5,25.662499999999998,84.79166666666667,22.8625,7.316666666666666,-0.9784058756521704,-0.005986102734921385,1004.5916666666666,97.58333333333333,542.5,1740.0,19.97083333333333,-0.9041666666666668
2025-06-27,24.433333333333337,94.125,23.400000000000002,6.829166666666667,-0.8768321006931293,-0.24913402168958812,1004.975,94.79166666666667,25.195833333333336,86.91666666666667,22.82916666666667,5.0375000000000005,-0.9360100744931609,0.11425655132056288,1005.4166666666666,99.45833333333333,411.6666666666667,1310.0,13.195833333333335,-1.8333333333333333
2025-06-28,25.558333333333334,89.5,23.587499999999995,7.370833333333333,-0.7038411558792479,-0.1684858026324871,1005.1875,80.16666666666667,24.833333333333332,90.45833333333333,23.13333333333333,4.2250000000000005,-0.9255406640219692,0.018347153524929362,1005.85,99.29166666666667,428.75,870.0,9.804166666666667,-2.6625
2025-06-29,24.575,93.25,23.3625,6.3374999999999995,-0.7410820770371823,0.03893619889794675,1005.7291666666666,91.58333333333333,25.604166666666668,83.33333333333333,22.316666666666663,4.629166666666666,-0.9692524485774466,-0.07310462457372378,1005.7458333333334,99.54166666666667,290.0,680.0,10.004166666666665,-2.220833333333333
2025-06-30,25.962500000000002,85.95833333333333,23.27916666666667,10.679166666666667,-0.8571011794601278,0.4079479849585068,1004.8583333333332,52.208333333333336,25.870833333333334,80.70833333333333,21.945833333333336,5.45,-0.960026191967727,-0.0777677490477171,1005.4,59.5,282.9166666666667,470.0,11.270833333333334,-2.0041666666666664
2025-07-01,25.425,88.95833333333333,23.34583333333333,9.716666666666667,-0.8358045311498636,0.2551778004630925,1004.8333333333334,83.75,26.3,79.375,22.15416666666667,5.458333333333333,-0.8908467871179334,-0.24662179924429384,1004.7833333333333,97.95833333333333,350.8333333333333,630.0,10.779166666666667,-2.0916666666666663
2025-07-02,25.349999999999994,89.20833333333333,23.325,8.6,-0.9505844800972838,0.07103923593761573,1005.1124999999998,94.83333333333333,26.099999999999998,78.79166666666667,21.72083333333333,5.216666666666667,-0.9200602150309113,-0.21718201322435218,1005.6041666666666,98.66666666666667,214.58333333333334,420.0,10.058333333333332,-1.0083333333333333
2025-07-03,24.820833333333336,91.75,23.337500000000002,6.933333333333333,-0.9167161995285514,0.07592821021421145,1005.2916666666666,100.0,25.783333333333335,80.95833333333333,21.97083333333333,5.079166666666667,-0.861839940482847,-0.13251515382770163,1005.5916666666667,100.0,208.33333333333334,590.0,10.479166666666666,-1.6916666666666664
2025-07-04,24.90416666666667,92.04166666666667,23.445833333333336,6.358333333333334,-0.8585721100752243,-0.21846748990082118,1006.0749999999999,94.20833333333333,25.3125,85.66666666666667,22.629166666666663,4.45,-0.8954255419938565,-0.09764466572515207,1006.3000000000001,100.0,402.5,900.0,10.529166666666667,-1.9291666666666665
2025-07-05,25.358333333333334,90.08333333333333,23.554166666666664,7.4875,-0.9315806613188854,0.06243203593371239,1006.5375,94.25,25.895833333333332,79.45833333333333,21.662499999999998,5.325,-0.9158381194411286,-0.04493393572148665,1006.6041666666666,96.20833333333333,151.25,480.0,11.304166666666667,-1.0833333333333333
2025-07-06,24.820833333333336,92.04166666666667,23.3875,8.05,-0.8296031181181269,0.1436653544913951,1006.0124999999999,75.33333333333333,25.912499999999994,79.29166666666667,21.71666666666667,5.479166666666667,-0.9401164737107385,0.16368886801105462,1006.4416666666666,73.29166666666667,192.08333333333334,580.0,11.608333333333334,-0.5208333333333334
2025-07-07,25.079166666666666,90.79166666666667,23.395833333333332,8.370833333333334,-0.9266867137776077,0.10854406542872812,1005.7583333333333,94.5,25.916666666666668,80.29166666666667,21.825,5.716666666666666,-0.9321277587609534,-0.05531103186351371,1005.8541666666666,91.45833333333333,191.25,460.0,12.475,-0.42083333333333334
2025-07-08,25.258333333333336,89.20833333333333,23.270833333333332,8.683333333333332,-0.8283054898617334,0.4852882608120477,1005.875,87.04166666666667,25.6375,83.91666666666667,22.479166666666668,5.983333333333334,-0.9581345994825212,0.10927767469767757,1005.9208333333332,94.58333333333333,426.6666666666667,1280.0,13.183333333333335,-0.6041666666666666
2025-07-09,25.566666666666666,87.70833333333333,23.262500000000003,10.208333333333334,-0.8968738535234131,0.36356487478915,1006.0208333333334,54.333333333333336,25.570833333333336,83.79166666666667,22.34166666666667,6.2250000000000005,-0.9499286309095908,0.17426650090715703,1006.4,79.58333333333333,338.3333333333333,1050.0,13.279166666666669,-1.1041666666666667
2025-07-10,25.8875,86.25,23.295833333333334,11.841666666666667,-0.9514983688941082,0.24514512180926204,1005.375,51.416666666666664,25.679166666666664,83.95833333333333,22.508333333333336,5.983333333333334,-0.909682158063673,-0.1531223112302641,1005.7708333333334,58.875,382.5,910.0,12.574999999999998,-2.2375000000000003
2025-07-11,26.158333333333335,83.875,23.054166666666664,12.0,-0.8319100676317431,0.3817114479186518,1004.5958333333333,47.875,26.129166666666666,78.70833333333333,21.808333333333334,7.099999999999999,-0.9217951844814053,-0.001866672510647538,1005.1166666666667,81.79166666666667,191.66666666666666,620.0,15.216666666666667,-1.0291666666666666
2025-07-12,25.524999999999995,87.95833333333333,23.2375,10.791666666666666,-0.9564396383260106,0.19819916871018547,1004.8125,53.208333333333336,25.95,80.25,21.974999999999998,7.241666666666667,-0.92987295161997,-0.06728993901621137,1005.3625000000001,97.0,167.91666666666666,460.0,16.162499999999998,-1.1291666666666667
2025-07-13,25.545833333333334,88.91666666666667,23.483333333333334,12.245833333333332,-0.9396428202642545,0.21265009193781184,1005.3624999999998,70.54166666666667,25.270833333333332,86.625,22.683333333333334,6.358333333333334,-0.860053064449794,-0.31421758465131777,1005.5333333333334,93.16666666666667,304.5833333333333,610.0,13.320833333333333,-2.1624999999999996
2025-07-14,24.745833333333326,91.79166666666667,23.2625,9.75,-0.9319824540868256,0.1964344658351976,1005.5708333333332,83.08333333333333,24.9375,90.41666666666667,23.224999999999998,5.954166666666666,-0.9579482501699642,-0.1107745172170918,1005.7291666666666,96.0,492.5,1290.0,13.887500000000001,-2.4625
2025-07-15,24.758333333333336,91.125,23.129166666666663,9.583333333333334,-0.9468923439378001,0.2665712097532504,1005.6541666666666,88.95833333333333,25.054166666666664,87.16666666666667,22.633333333333336,5.491666666666667,-0.965685507460591,0.049245689116115564,1005.9041666666668,99.08333333333333,296.25,610.0,12.4375,-1.6166666666666665
2025-07-16,25.129166666666663,90.16666666666667,23.308333333333337,10.4625,-0.9128404600668497,0.014729232603120182,1004.4500000000002,94.75,24.90833333333333,87.375,22.51666666666667,6.0625,-0.869011938358307,-0.19278540428822,1004.9333333333334,98.45833333333333,289.5833333333333,960.0,12.054166666666665,-1.4166666666666667
2025-07-17,24.308333333333334,94.125,23.2375,8.9375,-0.954323001038783,0.1808620121885188,1003.975,98.625,24.45,92.5,23.13333333333333,6.520833333333333,-0.9505096507732782,-0.07316504702524786,1004.3375,99.125,399.5833333333333,1360.0,15.4125,-1.6749999999999998
2025-07-18,24.683333333333334,92.33333333333333,23.3125,11.933333333333332,-0.9553039327434387,0.2590457550262867,1004.0833333333334,82.75,23.162500000000005,96.91666666666667,22.64166666666667,5.145833333333333,-0.9207574667730762,0.11474015950769413,1004.6875,100.0,130.41666666666666,360.0,12.2875,-0.7708333333333334
2025-07-19,24.70416666666667,92.75,23.395833333333332,14.145833333333334,-0.9237511349881514,0.3707409126140854,1003.8874999999999,98.41666666666667,23.191666666666666,96.29166666666667,22.558333333333337,6.058333333333333,-0.9366058711893904,0.17294964243478253,1004.9166666666666,100.0,120.83333333333333,250.0,14.545833333333334,-0.5208333333333334
2025-07-20,23.337500000000002,96.75,22.766666666666666,13.391666666666666,-0.9425440633498758,0.32766496768950987,1002.7625000000002,100.0,22.8625,97.08333333333333,22.375,6.391666666666667,-0.9226728412886587,0.06106730903129334,1003.8249999999999,100.0,137.08333333333334,240.0,16.775000000000002,-0.225
2025-07-21,23.59166666666667,96.25,22.9375,9.1875,-0.9552655921466906,0.21602429889818578,1002.8583333333332,100.0,22.8875,97.95833333333333,22.541666666666668,3.8250000000000006,-0.9520627967726621,0.09508987020316588,1003.8458333333334,100.0,136.25,200.0,10.004166666666666,-0.47500000000000003
2025-07-22,23.53333333333333,97.58333333333333,23.10833333333333,8.054166666666667,-0.9861810181389584,0.07220639301792152,1003.9875000000001,100.0,23.204166666666666,96.83333333333333,22.65833333333333,5.054166666666666,-0.9482673384619602,-0.0533602791061154,1004.3083333333334,100.0,164.58333333333334,640.0,11.754166666666665,-0.5583333333333333
2025-07-23,23.708333333333332,95.91666666666667,22.9875,8.975,-0.9516442221271078,0.231040825571339,1004.5333333333333,100.0,23.2625,95.875,22.558333333333334,4.283333333333334,-0.8746042034767317,-0.23186100789379435,1004.7541666666666,100.0,140.0,410.0,9.054166666666667,-0.3666666666666667
2025-07-24,23.804166666666664,93.875,22.7,12.804166666666667,-0.8640542067137277,0.3805202799271408,1003.9083333333333,100.0,22.941666666666666,94.95833333333333,22.09166666666667,5.45,-0.9421467873975743,0.1721246943369712,1004.9541666666668,100.0,96.66666666666667,250.0,13.879166666666668,0.45833333333333326
2025-07-25,24.229166666666668,92.25,22.80416666666667,9.141666666666666,-0.909345376805943,0.2076192965034336,1003.8291666666668,100.0,23.329166666666666,91.70833333333333,21.89166666666667,3.9666666666666663,-0.8054020292334824,0.1607957592644329,1004.475,100.0,95.0,220.0,10.404166666666667,1.7125000000000001
2025-07-26,24.004166666666663,94.125,22.95,9.791666666666666,-0.911083476212763,0.2374157731312098,1004.6750000000001,100.0,23.7,88.66666666666667,21.7,4.8999999999999995,-0.8027387951570567,-0.17428026414758832,1005.1958333333333,100.0,129.16666666666666,490.0,13.612499999999999,1.9666666666666668
2025-07-27,23.570833333333336,96.83333333333333,23.03333333333333,9.245833333333332,-0.9136726275710755,0.07965773143003002,1006.1083333333332,100.0,22.233333333333334,96.66666666666667,21.67916666666667,2.8041666666666667,-0.3382624438023713,0.10846628192705564,1006.8541666666666,100.0,57.083333333333336,70.0,8.975,1.2291666666666667
2025-07-28,24.283333333333335,92.16666666666667,22.875,9.595833333333333,-0.9295307923128967,0.03690971773099435,1006.0583333333334,82.95833333333333,22.429166666666664,94.66666666666667,21.520833333333332,3.429166666666667,-0.8636600050553156,-0.20783384493424004,1007.2208333333334,99.875,56.25,150.0,8.095833333333333,1.5541666666666665
2025-07-29,26.141666666666666,85.20833333333333,23.34583333333333,13.9125,-0.944414775505777,0.2656698308917893,1005.6291666666666,50.958333333333336,25.76666666666667,76.45833333333333,21.108333333333334,6.870833333333333,-0.9325858055249178,0.08322014818829457,1006.4166666666666,94.66666666666667,82.91666666666667,210.0,16.520833333333332,-0.012500000000000011
2025-07-30,25.529166666666665,86.0,22.908333333333335,14.583333333333334,-0.9476195805334081,0.27651982135204856,1006.0541666666667,44.791666666666664,25.708333333333332,76.125,20.9375,7.541666666666667,-0.8216458074561107,0.04474321264713379,1006.7791666666666,81.95833333333333,65.41666666666667,140.0,17.545833333333334,0.7291666666666666
2025-07-31,25.525000000000002,88.25,23.320833333333336,11.375,-0.9314381661562403,0.2670203723928722,1005.8000000000001,43.875,26.241666666666664,78.08333333333333,21.741666666666664,7.783333333333334,-0.9087139854240007,-0.030208021750832693,1005.8541666666666,82.0,138.75,480.0,16.058333333333334,-0.9333333333333332
2025-08-01,25.79583333333333,87.45833333333333,23.475000000000005,12.587499999999999,-0.9452388915778971,0.30442265489108605,1004.7791666666667,49.416666666666664,25.733333333333334,82.70833333333333,22.370833333333334,5.829166666666667,-0.8701751703085101,-0.22372013558389878,1005.2208333333333,98.625,168.33333333333334,590.0,12.416666666666666,-0.8374999999999999
2025-08-02,26.054166666666664,86.0,23.412499999999998,14.029166666666667,-0.929424483534029,0.32376095755904666,1004.4125,68.75,25.579166666666666,81.70833333333333,21.958333333333332,6.458333333333333,-0.8551620791810047,-0.25865534483393704,1004.9250000000001,98.125,79.16666666666667,310.0,13.895833333333334,-0.6375000000000001
2025-08-03,25.7625,87.375,23.437499999999996,15.241666666666667,-0.891265183841042,0.3857043180860775,1004.0666666666667,73.25,25.183333333333334,87.54166666666667,22.90833333333333,5.929166666666667,-0.9560413807814608,-0.08475571845906248,1004.3000000000002,100.0,335.8333333333333,1150.0,14.658333333333331,-1.7791666666666668
2025-08-04,24.691666666666663,93.25,23.483333333333334,10.958333333333334,-0.9202885663829257,0.34601233452005625,1005.125,90.70833333333333,23.71666666666667,96.375,23.087499999999995,4.875,-0.93631760664973,-0.1968189747957169,1005.4500000000002,99.83333333333333,295.0,740.0,10.758333333333333,-1.75
2025-08-05,25.01666666666667,91.95833333333333,23.541666666666668,10.504166666666668,-0.923982986905922,0.15788357430478123,1004.6041666666666,91.875,23.733333333333334,96.08333333333333,23.058333333333334,6.395833333333333,-0.9271496510559954,0.033198089975740634,1005.0291666666667,99.70833333333333,262.0833333333333,1060.0,15.383333333333335,-1.55
2025-08-06,24.7,93.5,23.53333333333333,11.824999999999998,-0.9251325699561744,0.15194645059022158,1004.0166666666665,90.70833333333333,24.40833333333333,95.04166666666667,23.566666666666666,7.079166666666667,-0.9740847429421938,-0.05655784134228139,1004.6541666666667,99.91666666666667,514.5833333333334,1260.0,16.662499999999998,-2.029166666666667
2025-08-07,25.666666666666668,88.16666666666667,23.441666666666666,11.533333333333333,-0.9636311563227254,0.060202542422643925,1004.1458333333334,51.916666666666664,23.775000000000002,94.45833333333333,22.8,5.599999999999999,-0.8726852724882405,-0.1755800179729672,1004.8375,97.875,267.0833333333333,930.0,11.775,-1.2125000000000001
2025-08-08,25.495833333333337,90.08333333333333,23.662499999999994,9.691666666666668,-0.9493584721757661,-0.049190947823386254,1004.0041666666666,84.16666666666667,25.166666666666668,90.66666666666667,23.491666666666664,5.470833333333334,-0.861936340168081,-0.331551883820214,1003.7208333333334,99.0,718.3333333333334,1820.0,11.924999999999999,-2.670833333333333
2025-08-09,25.320833333333336,90.70833333333333,23.625,8.612499999999999,-0.8443588159218326,-0.18326540269249744,1005.5041666666666,94.625,24.787500000000005,93.125,23.566666666666666,4.908333333333334,-0.8086498682240283,-0.38329475993219897,1005.1166666666667,100.0,673.75,1620.0,10.166666666666666,-3.4499999999999997
2025-08-10,24.90833333333333,92.16666666666667,23.483333333333334,6.912499999999999,-0.8876926322717926,-0.31901622226627463,1006.4375,98.75,24.287500000000005,95.08333333333333,23.4375,4.325,-0.8473569718850511,-0.3381229677208075,1006.0500000000001,100.0,522.9166666666666,1000.0,9.220833333333333,-3.283333333333333
2025-08-11,24.775000000000002,92.29166666666667,23.387500000000003,6.920833333333333,-0.7999641432691783,-0.44354797894341647,1006.4583333333334,95.83333333333333,24.045833333333334,92.70833333333333,22.745833333333337,3.658333333333333,-0.7929883603365843,-0.2627309798168246,1006.0791666666668,100.0,419.1666666666667,1250.0,7.8374999999999995,-2.0458333333333334
2025-08-12,24.479166666666668,91.66666666666667,22.941666666666666,7.3625,-0.8296631056593357,-0.3866339807015859,1006.3458333333333,100.0,24.566666666666666,88.70833333333333,22.462499999999995,4.670833333333333,-0.8945713400836143,-0.3410952629032656,1006.2041666666668,98.0,385.4166666666667,1110.0,9.2,-1.9708333333333332
2025-08-13,24.254166666666663,90.95833333333333,22.579166666666666,9.612499999999999,-0.9146580894335532,0.1461216196650971,1005.2208333333333,98.29166666666667,23.983333333333334,91.0,22.34583333333333,5.541666666666667,-0.787376846614665,-0.5507188928243588,1005.2583333333332,95.95833333333333,255.0,730.0,10.9125,-1.1208333333333333
2025-08-14,23.95,92.79166666666667,22.67083333333333,9.283333333333333,-0.9617348987006267,0.020407843188458574,1004.6333333333333,100.0,23.6375,93.04166666666667,22.424999999999997,4.929166666666666,-0.9072478952136894,-0.24344646481599522,1004.6750000000001,100.0,221.66666666666666,1030.0,10.920833333333334,-0.9916666666666666
2025-08-15,24.354166666666668,90.25,22.545833333333334,9.237499999999999,-0.9462074768285319,-0.03440663626544558,1004.7041666666668,93.66666666666667,24.72083333333333,83.5,21.40833333333333,6.145833333333333,-0.8901494727553562,-0.33299739662479694,1004.9041666666667,81.125,91.25,360.0,11.495833333333332,0.5916666666666667
2025-08-16,24.17916666666667,91.79166666666667,22.704166666666666,11.141666666666666,-0.9778688606631117,0.12481610057318045,1004.1333333333332,92.25,24.82916666666667,82.625,21.379166666666666,5.7250000000000005,-0.9336858696799798,0.22210416369172417,1004.0208333333334,79.125,94.58333333333333,200.0,14.329166666666666,0.5875
2025-08-17,24.741666666666664,89.66666666666667,22.833333333333332,11.1875,-0.9609049992191561,0.22133597722809653,1002.8666666666667,95.08333333333333,24.39166666666667,91.125,22.791666666666668,6.733333333333333,-0.9523193019228925,0.20564111192183174,1002.9416666666666,83.25,385.8333333333333,1080.0,16.808333333333334,-1.675
2025-08-18,24.191666666666663,91.875,22.724999999999998,10.554166666666667,-0.8768294325259799,0.4005311826879921,1004.2125,97.08333333333333,23.570833333333336,91.95833333333333,22.145833333333332,4.120833333333334,-0.9259725122900117,0.02952412269409187,1004.4333333333334,99.83333333333333,184.58333333333334,610.0,9.245833333333334,0.10000000000000002
2025-08-19,24.71666666666667,89.625,22.845833333333335,7.325,-0.9153195825204534,0.20097176677629336,1005.8666666666668,91.08333333333333,24.170833333333334,90.16666666666667,22.337500000000002,5.6875,-0.9426162575283957,-0.026486427549406166,1005.8249999999999,91.41666666666667,330.4166666666667,770.0,13.608333333333334,0.5583333333333333
2025-08-20,25.51666666666667,87.45833333333333,23.162500000000005,10.762499999999998,-0.9378534282223038,0.28430048551236636,1005.3791666666666,57.666666666666664,24.583333333333332,86.20833333333333,21.90416666666667,6.608333333333334,-0.8138469492239976,-0.1886573804570694,1005.5666666666666,80.95833333333333,174.58333333333334,430.0,13.304166666666665,0.9041666666666667
2025-08-21,25.23333333333333,85.70833333333333,22.575,9.7125,-0.9456890184696589,0.25552445238229377,1005.9416666666666,34.458333333333336,25.516666666666666,78.25,21.0625,5.2375,-0.9357165326141276,-0.06683651333062783,1005.7625000000002,52.375,81.66666666666667,230.0,11.195833333333335,0.38333333333333336
2025-08-22,26.037500000000005,85.91666666666667,23.34583333333333,10.5375,-0.9593900242740352,0.2605503258678441,1006.2208333333334,43.666666666666664,25.708333333333332,79.58333333333333,21.504166666666666,5.2875000000000005,-0.853751462558593,-0.21912509940938174,1006.1833333333334,99.95833333333333,165.0,380.0,10.762500000000001,0.16666666666666666
2025-08-23,25.816666666666666,88.375,23.645833333333332,8.675,-0.9558298921187401,0.19666762792105064,1005.8249999999999,92.54166666666667,26.09166666666667,81.33333333333333,22.28333333333333,5.904166666666666,-0.8822930196735314,-0.1978800923354652,1005.2333333333332,100.0,538.3333333333334,740.0,11.737499999999999,-2.4291666666666667
2025-08-24,26.041666666666668,86.29166666666667,23.445833333333336,10.920833333333333,-0.9650772874960362,0.2320780153115276,1006.0583333333334,66.625,25.60833333333333,82.875,22.13333333333333,5.545833333333334,-0.8808786382466902,-0.2130368783892198,1005.9833333333332,98.79166666666667,499.5833333333333,800.0,11.170833333333334,-3.0958333333333337
2025-08-25,25.96666666666667,85.41666666666667,23.1375,10.929166666666665,-0.9398342130092557,0.31829882508470503,1006.5916666666667,38.75,25.758333333333336,80.29166666666667,21.558333333333337,5.708333333333333,-0.8304645827242071,-0.2525232689594246,1006.1291666666666,69.375,276.25,660.0,11.183333333333332,-2.004166666666667
2025-08-26,26.02916666666667,85.20833333333333,23.141666666666666,10.6625,-0.9581388535790453,0.23839724042152902,1005.8083333333334,65.54166666666667,26.220833333333335,79.58333333333333,21.816666666666666,5.658333333333332,-0.8517752114428022,-0.08877206097164851,1005.4666666666667,85.375,412.0833333333333,750.0,11.279166666666669,-1.3708333333333336
2025-08-27,24.587500000000002,89.41666666666667,22.604166666666668,9.9625,-0.9287686750090164,0.09428350636062306,1006.3333333333334,76.0,25.641666666666666,80.0,21.541666666666668,5.95,-0.8719966514289174,-0.29434635044459573,1005.8833333333332,99.41666666666667,209.58333333333334,610.0,11.558333333333332,-0.5916666666666667
2025-08-28,23.662500000000005,95.66666666666667,22.912499999999998,7.254166666666666,-0.9499335579395671,0.031533622920201766,1005.8708333333334,97.91666666666667,23.1125,95.79166666666667,22.370833333333337,3.6541666666666663,-0.8154236975384052,-0.45429711532361683,1006.4416666666666,100.0,130.41666666666666,230.0,7.808333333333333,-0.8291666666666666
2025-08-29,24.09583333333333,94.33333333333333,23.099999999999998,9.895833333333334,-0.9351263437352367,0.137879267127959,1005.1333333333333,92.125,23.254166666666666,96.58333333333333,22.675,4.383333333333333,-0.8240565437382568,-0.4878762046496304,1005.8083333333334,99.375,233.33333333333334,940.0,8.700000000000001,-1.0625
2025-08-30,24.100000000000005,92.25,22.75,9.379166666666666,-0.915428025451663,0.04478272318669068,1006.1375000000002,77.375,23.845833333333335,93.375,22.670833333333338,4.679166666666666,-0.8867585585871688,-0.17715482443577354,1006.5749999999999,97.625,305.8333333333333,980.0,9.170833333333334,-1.2708333333333333
2025-08-31,24.395833333333332,92.25,23.0125,11.120833333333332,-0.9457503326106981,0.041556919833998895,1006.8208333333333,87.58333333333333,24.191666666666666,92.5,22.875,4.5625,-0.8548315437975494,-0.3830721754686895,1007.2958333333332,96.41666666666667,352.5,1170.0,9.020833333333334,-1.3999999999999997
