time,point_id,lat,lon,rain_cell_lat,rain_cell_lon,rain
2025-06-01,0,10.703791711680736,76.36938150502893,10.75,76.25,1.5943849086761475
2025-06-02,0,10.703791711680736,76.36938150502893,10.75,76.25,0.0
2025-06-03,0,10.703791711680736,76.36938150502893,10.75,76.25,5.3285231590271
2025-06-04,0,10.703791711680736,76.36938150502893,10.75,76.25,15.617979049682617
2025-06-05,0,10.703791711680736,76.36938150502893,10.75,76.25,0.0
2025-06-06,0,10.703791711680736,76.36938150502893,10.75,76.25,0.0
2025-06-07,0,10.703791711680736,76.36938150502893,10.75,76.25,0.0
2025-06-08,0,10.703791711680736,76.36938150502893,10.75,76.25,0.10006844252347946
2025-06-09,0,10.703791711680736,76.36938150502893,10.75,76.25,3.047046184539795
2025-06-10,0,10.703791711680736,76.36938150502893,10.75,76.25,0.0
2025-06-11,0,10.703791711680736,76.36938150502893,10.75,76.25,15.304827690124512
2025-06-12,0,10.703791711680736,76.36938150502893,10.75,76.25,12.725240707397461
2025-06-13,0,10.703791711680736,76.36938150502893,10.75,76.25,6.3343682289123535
2025-06-14,0,10.703791711680736,76.36938150502893,10.75,76.25,25.416728973388672
2025-06-15,0,10.703791711680736,76.36938150502893,10.75,76.25,58.63487243652344
2025-06-16,0,10.703791711680736,76.36938150502893,10.75,76.25,69.49983978271484
2025-06-17,0,10.703791711680736,76.36938150502893,10.75,76.25,53.9387321472168
2025-06-18,0,10.703791711680736,76.36938150502893,10.75,76.25,36.02295684814453
2025-06-19,0,10.703791711680736,76.36938150502893,10.75,76.25,28.62664794921875
2025-06-20,0,10.703791711680736,76.36938150502893,10.75,76.25,2.6733946800231934
2025-06-21,0,10.703791711680736,76.36938150502893,10.75,76.25,13.235466957092285
2025-06-22,0,10.703791711680736,76.36938150502893,10.75,76.25,1.5460610389709473
2025-06-23,0,10.703791711680736,76.36938150502893,10.75,76.25,20.796905517578125
2025-06-24,0,10.703791711680736,76.36938150502893,10.75,76.25,11.83791446685791
2025-06-25,0,10.703791711680736,76.36938150502893,10.75,76.25,33.01597595214844
2025-06-26,0,10.703791711680736,76.36938150502893,10.75,76.25,95.57757568359375
2025-06-27,0,10.703791711680736,76.36938150502893,10.75,76.25,40.525272369384766
2025-06-28,0,10.703791711680736,76.36938150502893,10.75,76.25,8.670370101928711
2025-06-29,0,10.703791711680736,76.36938150502893,10.75,76.25,20.206619262695312
2025-06-30,0,10.703791711680736,76.36938150502893,10.75,76.25,7.4656081199646
2025-07-01,0,10.703791711680736,76.36938150502893,10.75,76.25,7.06374454498291
2025-07-02,0,10.703791711680736,76.36938150502893,10.75,76.25,15.946046829223633
2025-07-03,0,10.703791711680736,76.36938150502893,10.75,76.25,35.91081237792969
2025-07-04,0,10.703791711680736,76.36938150502893,10.75,76.25,8.885333061218262
2025-07-05,0,10.703791711680736,76.36938150502893,10.75,76.25,10.905061721801758
2025-07-06,0,10.703791711680736,76.36938150502893,10.75,76.25,20.716873168945312
2025-07-07,0,10.703791711680736,76.36938150502893,10.75,76.25,30.17354965209961
2025-07-08,0,10.703791711680736,76.36938150502893,10.75,76.25,15.656289100646973
2025-07-09,0,10.703791711680736,76.36938150502893,10.75,76.25,11.80717658996582
2025-07-10,0,10.703791711680736,76.36938150502893,10.75,76.25,24.675003051757812
2025-07-11,0,10.703791711680736,76.36938150502893,10.75,76.25,13.39849853515625
2025-07-12,0,10.703791711680736,76.36938150502893,10.75,76.25,5.08480978012085
2025-07-13,0,10.703791711680736,76.36938150502893,10.75,76.25,0.0
2025-07-14,0,10.703791711680736,76.36938150502893,10.75,76.25,4.621160984039307
2025-07-15,0,10.703791711680736,76.36938150502893,10.75,76.25,25.13453483581543
2025-07-16,0,10.703791711680736,76.36938150502893,10.75,76.25,3.704571008682251
2025-07-17,0,10.703791711680736,76.36938150502893,10.75,76.25,52.242671966552734
2025-07-18,0,10.703791711680736,76.36938150502893,10.75,76.25,4.6486406326293945
2025-07-19,0,10.703791711680736,76.36938150502893,10.75,76.25,6.9188232421875
2025-07-20,0,10.703791711680736,76.36938150502893,10.75,76.25,7.57639741897583
2025-07-21,0,10.703791711680736,76.36938150502893,10.75,76.25,9.715806007385254
2025-07-22,0,10.703791711680736,76.36938150502893,10.75,76.25,12.922320365905762
2025-07-23,0,10.703791711680736,76.36938150502893,10.75,76.25,10.25855827331543
2025-07-24,0,10.703791711680736,76.36938150502893,10.75,76.25,3.291388511657715
2025-07-25,0,10.703791711680736,76.36938150502893,10.75,76.25,69.3381118774414
2025-07-26,0,10.703791711680736,76.36938150502893,10.75,76.25,53.63106918334961
2025-07-27,0,10.703791711680736,76.36938150502893,10.75,76.25,46.39810562133789
2025-07-28,0,10.703791711680736,76.36938150502893,10.75,76.25,15.716615676879883
2025-07-29,0,10.703791711680736,76.36938150502893,10.75,76.25,0.0
2025-07-30,0,10.703791711680736,76.36938150502893,10.75,76.25,4.918017864227295
2025-07-31,0,10.703791711680736,76.36938150502893,10.75,76.25,13.73393726348877
2025-08-01,0,10.703791711680736,76.36938150502893,10.75,76.25,2.9284298419952393
2025-08-02,0,10.703791711680736,76.36938150502893,10.75,76.25,8.519816398620605
2025-08-03,0,10.703791711680736,76.36938150502893,10.75,76.25,1.263466238975525
2025-08-04,0,10.703791711680736,76.36938150502893,10.75,76.25,7.857253074645996
2025-08-05,0,10.703791711680736,76.36938150502893,10.75,76.25,0.14572934806346893
2025-08-06,0,10.703791711680736,76.36938150502893,10.75,76.25,12.156311988830566
2025-08-07,0,10.703791711680736,76.36938150502893,10.75,76.25,0.0
2025-08-08,0,10.703791711680736,76.36938150502893,10.75,76.25,0.0
2025-08-09,0,10.703791711680736,76.36938150502893,10.75,76.25,0.0
2025-08-10,0,10.703791711680736,76.36938150502893,10.75,76.25,0.0
2025-08-11,0,10.703791711680736,76.36938150502893,10.75,76.25,0.41143420338630676
2025-08-12,0,10.703791711680736,76.36938150502893,10.75,76.25,17.1640625
2025-08-13,0,10.703791711680736,76.36938150502893,10.75,76.25,14.140228271484375
2025-08-14,0,10.703791711680736,76.36938150502893,10.75,76.25,8.187565803527832
2025-08-15,0,10.703791711680736,76.36938150502893,10.75,76.25,51.43088912963867
2025-08-16,0,10.703791711680736,76.36938150502893,10.75,76.25,50.09546661376953
2025-08-17,0,10.703791711680736,76.36938150502893,10.75,76.25,21.896007537841797
2025-08-18,0,10.703791711680736,76.36938150502893,10.75,76.25,26.435461044311523
2025-08-19,0,10.703791711680736,76.36938150502893,10.75,76.25,20.8031005859375
2025-08-20,0,10.703791711680736,76.36938150502893,10.75,76.25,0.0
2025-08-21,0,10.703791711680736,76.36938150502893,10.75,76.25,0.0
2025-08-22,0,10.703791711680736,76.36938150502893,10.75,76.25,0.0
2025-08-23,0,10.703791711680736,76.36938150502893,10.75,76.25,0.0
2025-08-24,0,10.703791711680736,76.36938150502893,10.75,76.25,0.0
2025-08-25,0,10.703791711680736,76.36938150502893,10.75,76.25,0.0
2025-08-26,0,10.703791711680736,76.36938150502893,10.75,76.25,0.0
2025-08-27,0,10.703791711680736,76.36938150502893,10.75,76.25,4.00560998916626
2025-08-28,0,10.703791711680736,76.36938150502893,10.75,76.25,41.19007110595703
2025-08-29,0,10.703791711680736,76.36938150502893,10.75,76.25,13.919933319091797
2025-08-30,0,10.703791711680736,76.36938150502893,10.75,76.25,19.23703956604004
2025-08-31,0,10.703791711680736,76.36938150502893,10.75,76.25,24.78106117248535
