time,rain,ecmwf,gfs,equal_blend,adaptive_blend
2025-08-04,7.857253074645996,15.600000000000001,12.0,13.8,17.471797573351974
2025-08-05,0.1457293480634689,11.9,19.7,15.8,15.005878028573616
2025-08-06,12.156311988830566,1.5,8.4,4.95,14.852605201362
2025-08-07,0.0,6.6,7.5,7.05,7.5819407222193895
2025-08-08,0.0,7.6,16.3,11.95,16.795427558662386
2025-08-09,0.0,15.8,16.7,16.25,5.926896583342125
2025-08-10,0.0,17.4,5.0,11.2,10.355137037216021
2025-08-11,0.4114342033863067,9.5,2.7,6.1,12.874466886933527
2025-08-12,17.1640625,18.5,2.7,10.6,10.045272352282318
2025-08-13,14.140228271484377,12.3,5.2,8.75,13.184331571867231
2025-08-14,8.187565803527832,18.2,1.5,9.85,10.045272352282318
2025-08-15,51.43088912963867,20.8,3.7,12.25,14.453185326112864
2025-08-16,50.09546661376953,6.6000000000000005,18.4,12.5,23.28204994732636
2025-08-17,21.8960075378418,10.5,8.1,9.3,7.928792301431308
2025-08-18,26.435461044311523,3.8,9.1,6.449999999999999,22.461779037126433
2025-08-19,20.8031005859375,3.5,4.3,3.9,11.122582039807037
2025-08-20,0.0,2.2,0.2,1.2000000000000002,6.075527736845074
2025-08-21,0.0,0.9,0.0,0.45,7.01452456843652
2025-08-22,0.0,1.5,0.2,0.85,6.841389489268805
2025-08-23,0.0,0.9,0.0,0.45,7.01452456843652
2025-08-24,0.0,0.30000000000000004,0.0,0.15000000000000002,18.097119829739697
2025-08-25,0.0,0.0,0.30000000000000004,0.15000000000000002,33.27106120945453
2025-08-26,0.0,4.8,0.9,2.85,32.97961570151463
2025-08-27,4.00560998916626,28.9,60.0,44.45,47.732816590193146
2025-08-28,41.19007110595703,26.4,13.7,20.049999999999997,15.046802286336098
2025-08-29,13.919933319091797,12.1,5.5,8.8,18.455474901422985
2025-08-30,19.23703956604004,23.0,5.6,14.3,13.82570725330195
2025-08-31,24.78106117248535,4.7,4.5,4.6,15.155656685338647
