time,rain,ecmwf,gfs,equal_blend,selected_model,gating_blend
2025-08-04,7.857253074645996,15.6,12.0,13.8,0,12.0
2025-08-05,0.1457293480634689,11.9,19.7,15.8,0,19.7
2025-08-06,12.156311988830566,1.5,8.4,4.95,0,8.4
2025-08-07,0.0,6.6,7.5,7.05,0,7.5
2025-08-08,0.0,7.6,16.3,11.95,0,16.3
2025-08-09,0.0,15.8,16.7,16.25,0,16.7
2025-08-10,0.0,17.4,5.0,11.2,0,5.0
2025-08-11,0.4114342033863067,9.5,2.7,6.1,1,9.5
2025-08-12,17.1640625,18.5,2.7,10.6,1,18.5
2025-08-13,14.140228271484377,12.3,5.2,8.75,0,5.2
2025-08-14,8.187565803527832,18.2,1.5,9.85,1,18.2
2025-08-15,51.43088912963867,20.8,3.7,12.25,1,20.8
2025-08-16,50.09546661376953,6.6000000000000005,18.4,12.5,0,18.4
2025-08-17,21.8960075378418,10.5,8.1,9.3,0,8.1
2025-08-18,26.435461044311523,3.8,9.1,6.449999999999999,0,9.1
2025-08-19,20.8031005859375,3.5,4.3,3.9,0,4.3
2025-08-20,0.0,2.2,0.2,1.2000000000000002,1,2.2
2025-08-21,0.0,0.9,0.0,0.45,0,0.0
2025-08-22,0.0,1.5,0.2,0.85,0,0.2
2025-08-23,0.0,0.9,0.0,0.45,0,0.0
2025-08-24,0.0,0.3,0.0,0.15,0,0.0
2025-08-25,0.0,0.0,0.3,0.15,0,0.3
2025-08-26,0.0,4.8,0.9,2.85,1,4.8
2025-08-27,4.00560998916626,28.9,60.0,44.45,0,60.0
2025-08-28,41.19007110595703,26.4,13.7,20.05,0,13.7
2025-08-29,13.919933319091797,12.1,5.5,8.8,0,5.5
2025-08-30,19.23703956604004,23.0,5.6,14.3,0,5.6
2025-08-31,24.78106117248535,4.7,4.5,4.6,0,4.5
